{"mean_reward": 285.27617730000003, "std_reward": 14.360083914716887, "is_deterministic": true, "n_eval_episodes": 10, "eval_datetime": "2023-09-09T16:57:19.784978"}